Nazwa pliku,TP,FN,FP,PPV,TPR,INF
7ZJ4.amt,30,3,10,0.75,0.9090909090909091,0.8257228238447705
8TVZ.amt,27,0,10,0.7297297297297297,1.0,0.8542421961772491
8UYE.amt,9,1,5,0.6428571428571429,0.9,0.760638829255665
7PTK.amt,39,5,11,0.78,0.8863636363636364,0.8314827937868807
8FZA.amt,18,4,21,0.46153846153846156,0.8181818181818182,0.614509867799027
8UYS.amt,15,2,10,0.6,0.8823529411764706,0.7276068751089989
7YR7.amt,10,1,10,0.5,0.9090909090909091,0.674199862463242
7YR6.amt,5,0,4,0.5555555555555556,1.0,0.7453559924999299
8UYG.amt,7,2,4,0.6363636363636364,0.7777777777777778,0.7035264706814485
8BTZ.amt,6,0,1,0.8571428571428571,1.0,0.9258200997725514
7PTL.amt,26,4,6,0.8125,0.8666666666666667,0.8391463916782737
7QR4.amt,1,1,2,0.3333333333333333,0.5,0.408248290463863
9B0L.amt,2,2,1,0.6666666666666666,0.5,0.5773502691896257
8UO6.amt,21,9,13,0.6176470588235294,0.7,0.657535505639407
8S95.amt,15,3,5,0.75,0.8333333333333334,0.7905694150420949
8UYJ.amt,6,0,0,1.0,1.0,1.0
7QR3.amt,11,2,5,0.6875,0.8461538461538461,0.76271276980969
9BZ1.amt,11,3,12,0.4782608695652174,0.7857142857142857,0.6130060338328881
9BZC.amt,5,1,5,0.5,0.8333333333333334,0.6454972243679028
Średnio,-,-,-,0.7682858115730063,0.7984262154540792,-
